[{"model": "auth.permission", "pk": 1, "fields": {"name": "Can add log entry", "content_type": 1, "codename": "add_logentry"}}, {"model": "auth.permission", "pk": 2, "fields": {"name": "Can change log entry", "content_type": 1, "codename": "change_logentry"}}, {"model": "auth.permission", "pk": 3, "fields": {"name": "Can delete log entry", "content_type": 1, "codename": "delete_logentry"}}, {"model": "auth.permission", "pk": 4, "fields": {"name": "Can view log entry", "content_type": 1, "codename": "view_logentry"}}, {"model": "auth.permission", "pk": 5, "fields": {"name": "Can add permission", "content_type": 2, "codename": "add_permission"}}, {"model": "auth.permission", "pk": 6, "fields": {"name": "Can change permission", "content_type": 2, "codename": "change_permission"}}, {"model": "auth.permission", "pk": 7, "fields": {"name": "Can delete permission", "content_type": 2, "codename": "delete_permission"}}, {"model": "auth.permission", "pk": 8, "fields": {"name": "Can view permission", "content_type": 2, "codename": "view_permission"}}, {"model": "auth.permission", "pk": 9, "fields": {"name": "Can add group", "content_type": 3, "codename": "add_group"}}, {"model": "auth.permission", "pk": 10, "fields": {"name": "Can change group", "content_type": 3, "codename": "change_group"}}, {"model": "auth.permission", "pk": 11, "fields": {"name": "Can delete group", "content_type": 3, "codename": "delete_group"}}, {"model": "auth.permission", "pk": 12, "fields": {"name": "Can view group", "content_type": 3, "codename": "view_group"}}, {"model": "auth.permission", "pk": 13, "fields": {"name": "Can add user", "content_type": 4, "codename": "add_user"}}, {"model": "auth.permission", "pk": 14, "fields": {"name": "Can change user", "content_type": 4, "codename": "change_user"}}, {"model": "auth.permission", "pk": 15, "fields": {"name": "Can delete user", "content_type": 4, "codename": "delete_user"}}, {"model": "auth.permission", "pk": 16, "fields": {"name": "Can view user", "content_type": 4, "codename": "view_user"}}, {"model": "auth.permission", "pk": 17, "fields": {"name": "Can add content type", "content_type": 5, "codename": "add_contenttype"}}, {"model": "auth.permission", "pk": 18, "fields": {"name": "Can change content type", "content_type": 5, "codename": "change_contenttype"}}, {"model": "auth.permission", "pk": 19, "fields": {"name": "Can delete content type", "content_type": 5, "codename": "delete_contenttype"}}, {"model": "auth.permission", "pk": 20, "fields": {"name": "Can view content type", "content_type": 5, "codename": "view_contenttype"}}, {"model": "auth.permission", "pk": 21, "fields": {"name": "Can add session", "content_type": 6, "codename": "add_session"}}, {"model": "auth.permission", "pk": 22, "fields": {"name": "Can change session", "content_type": 6, "codename": "change_session"}}, {"model": "auth.permission", "pk": 23, "fields": {"name": "Can delete session", "content_type": 6, "codename": "delete_session"}}, {"model": "auth.permission", "pk": 24, "fields": {"name": "Can view session", "content_type": 6, "codename": "view_session"}}, {"model": "auth.permission", "pk": 25, "fields": {"name": "Can add Usuario", "content_type": 7, "codename": "add_usuario"}}, {"model": "auth.permission", "pk": 26, "fields": {"name": "Can change Usuario", "content_type": 7, "codename": "change_usuario"}}, {"model": "auth.permission", "pk": 27, "fields": {"name": "Can delete Usuario", "content_type": 7, "codename": "delete_usuario"}}, {"model": "auth.permission", "pk": 28, "fields": {"name": "Can view Usuario", "content_type": 7, "codename": "view_usuario"}}, {"model": "auth.permission", "pk": 29, "fields": {"name": "Can add Cliente", "content_type": 8, "codename": "add_cliente"}}, {"model": "auth.permission", "pk": 30, "fields": {"name": "Can change Cliente", "content_type": 8, "codename": "change_cliente"}}, {"model": "auth.permission", "pk": 31, "fields": {"name": "Can delete Cliente", "content_type": 8, "codename": "delete_cliente"}}, {"model": "auth.permission", "pk": 32, "fields": {"name": "Can view Cliente", "content_type": 8, "codename": "view_cliente"}}, {"model": "auth.permission", "pk": 33, "fields": {"name": "Can add Producto", "content_type": 9, "codename": "add_producto"}}, {"model": "auth.permission", "pk": 34, "fields": {"name": "Can change Producto", "content_type": 9, "codename": "change_producto"}}, {"model": "auth.permission", "pk": 35, "fields": {"name": "Can delete Producto", "content_type": 9, "codename": "delete_producto"}}, {"model": "auth.permission", "pk": 36, "fields": {"name": "Can view Producto", "content_type": 9, "codename": "view_producto"}}, {"model": "auth.permission", "pk": 37, "fields": {"name": "Can add Proveedor", "content_type": 10, "codename": "add_proveedor"}}, {"model": "auth.permission", "pk": 38, "fields": {"name": "Can change Proveedor", "content_type": 10, "codename": "change_proveedor"}}, {"model": "auth.permission", "pk": 39, "fields": {"name": "Can delete Proveedor", "content_type": 10, "codename": "delete_proveedor"}}, {"model": "auth.permission", "pk": 40, "fields": {"name": "Can view Proveedor", "content_type": 10, "codename": "view_proveedor"}}, {"model": "auth.permission", "pk": 41, "fields": {"name": "Can add Detalle Venta", "content_type": 11, "codename": "add_venta"}}, {"model": "auth.permission", "pk": 42, "fields": {"name": "Can change Detalle Venta", "content_type": 11, "codename": "change_venta"}}, {"model": "auth.permission", "pk": 43, "fields": {"name": "Can delete Detalle Venta", "content_type": 11, "codename": "delete_venta"}}, {"model": "auth.permission", "pk": 44, "fields": {"name": "Can view Detalle Venta", "content_type": 11, "codename": "view_venta"}}, {"model": "auth.permission", "pk": 45, "fields": {"name": "Can add Detalle Compra", "content_type": 12, "codename": "add_detallecompra"}}, {"model": "auth.permission", "pk": 46, "fields": {"name": "Can change Detalle Compra", "content_type": 12, "codename": "change_detallecompra"}}, {"model": "auth.permission", "pk": 47, "fields": {"name": "Can delete Detalle Compra", "content_type": 12, "codename": "delete_detallecompra"}}, {"model": "auth.permission", "pk": 48, "fields": {"name": "Can view Detalle Compra", "content_type": 12, "codename": "view_detallecompra"}}, {"model": "auth.permission", "pk": 49, "fields": {"name": "Can add Servicio", "content_type": 13, "codename": "add_servicio"}}, {"model": "auth.permission", "pk": 50, "fields": {"name": "Can change Servicio", "content_type": 13, "codename": "change_servicio"}}, {"model": "auth.permission", "pk": 51, "fields": {"name": "Can delete Servicio", "content_type": 13, "codename": "delete_servicio"}}, {"model": "auth.permission", "pk": 52, "fields": {"name": "Can view Servicio", "content_type": 13, "codename": "view_servicio"}}, {"model": "auth.permission", "pk": 53, "fields": {"name": "Can add Técnico", "content_type": 14, "codename": "add_tecnico"}}, {"model": "auth.permission", "pk": 54, "fields": {"name": "Can change Técnico", "content_type": 14, "codename": "change_tecnico"}}, {"model": "auth.permission", "pk": 55, "fields": {"name": "Can delete Técnico", "content_type": 14, "codename": "delete_tecnico"}}, {"model": "auth.permission", "pk": 56, "fields": {"name": "Can view Técnico", "content_type": 14, "codename": "view_tecnico"}}, {"model": "auth.permission", "pk": 57, "fields": {"name": "Can add Categoria", "content_type": 15, "codename": "add_categoria"}}, {"model": "auth.permission", "pk": 58, "fields": {"name": "Can change Categoria", "content_type": 15, "codename": "change_categoria"}}, {"model": "auth.permission", "pk": 59, "fields": {"name": "Can delete Categoria", "content_type": 15, "codename": "delete_categoria"}}, {"model": "auth.permission", "pk": 60, "fields": {"name": "Can view Categoria", "content_type": 15, "codename": "view_categoria"}}, {"model": "auth.permission", "pk": 61, "fields": {"name": "Can add Ciudad", "content_type": 16, "codename": "add_ciudad"}}, {"model": "auth.permission", "pk": 62, "fields": {"name": "Can change Ciudad", "content_type": 16, "codename": "change_ciudad"}}, {"model": "auth.permission", "pk": 63, "fields": {"name": "Can delete Ciudad", "content_type": 16, "codename": "delete_ciudad"}}, {"model": "auth.permission", "pk": 64, "fields": {"name": "Can view Ciudad", "content_type": 16, "codename": "view_ciudad"}}, {"model": "auth.permission", "pk": 65, "fields": {"name": "Can add TipodeServicio", "content_type": 17, "codename": "add_tiposervicio"}}, {"model": "auth.permission", "pk": 66, "fields": {"name": "Can change TipodeServicio", "content_type": 17, "codename": "change_tiposervicio"}}, {"model": "auth.permission", "pk": 67, "fields": {"name": "Can delete TipodeServicio", "content_type": 17, "codename": "delete_tiposervicio"}}, {"model": "auth.permission", "pk": 68, "fields": {"name": "Can view TipodeServicio", "content_type": 17, "codename": "view_tiposervicio"}}, {"model": "auth.permission", "pk": 69, "fields": {"name": "Can add Departamento", "content_type": 18, "codename": "add_departamento"}}, {"model": "auth.permission", "pk": 70, "fields": {"name": "Can change Departamento", "content_type": 18, "codename": "change_departamento"}}, {"model": "auth.permission", "pk": 71, "fields": {"name": "Can delete Departamento", "content_type": 18, "codename": "delete_departamento"}}, {"model": "auth.permission", "pk": 72, "fields": {"name": "Can view Departamento", "content_type": 18, "codename": "view_departamento"}}, {"model": "auth.user", "pk": 1, "fields": {"password": "pbkdf2_sha256$390000$I0icbi2nyZeob7yeJThcoG$nKryqLoVa/MUahANITDyL9RfnW38C79KzVKaBNGVTgg=", "last_login": "2023-07-02T01:52:53.172Z", "is_superuser": true, "username": "user", "first_name": "", "last_name": "", "email": "michellklinger@gmail.com", "is_staff": true, "is_active": true, "date_joined": "2023-07-01T23:26:17.436Z", "groups": [], "user_permissions": []}}, {"model": "auth.user", "pk": 2, "fields": {"password": "pbkdf2_sha256$390000$CKvBlU1Xs1xxOd3S0QBqGu$Ni0gHdi4qAb0STuMLexdZKHbsZ4fgXyC43ZEKTuNCmU=", "last_login": null, "is_superuser": false, "username": "michellklinger@gmail.com", "first_name": "", "last_name": "", "email": "michellklinger@gmail.com", "is_staff": false, "is_active": true, "date_joined": "2023-07-01T23:45:18.465Z", "groups": [], "user_permissions": []}}, {"model": "auth.user", "pk": 3, "fields": {"password": "pbkdf2_sha256$390000$9r6VESyiYt90qfFaVXBSG7$D03NA+Cj4Jr7c7oFXgFwG9Tc2nQW/lETQw6/+SiUdPE=", "last_login": null, "is_superuser": false, "username": "prueba@gmail.com", "first_name": "", "last_name": "", "email": "prueba@gmail.com", "is_staff": false, "is_active": true, "date_joined": "2023-07-01T23:47:14.955Z", "groups": [], "user_permissions": []}}, {"model": "auth.user", "pk": 4, "fields": {"password": "pbkdf2_sha256$390000$zXR6WgmBK6eGfG0Ke9CQRJ$mKh2JiBCAbDeoS+8QEQwku7g9rOn/SOwRNJ4BZ5ATz8=", "last_login": null, "is_superuser": false, "username": "mich@gmail.com", "first_name": "", "last_name": "", "email": "mich@gmail.com", "is_staff": false, "is_active": true, "date_joined": "2023-07-01T23:48:53.524Z", "groups": [], "user_permissions": []}}, {"model": "auth.user", "pk": 5, "fields": {"password": "pbkdf2_sha256$390000$U0keVYw6ZFrJckgcHfy2Se$rBdxXrgvzyZPvNChMWGV0PccPK4ke9uwNoS2hqMZhSQ=", "last_login": null, "is_superuser": false, "username": "trabajos.klinger@gmail.com", "first_name": "", "last_name": "", "email": "trabajos.klinger@gmail.com", "is_staff": false, "is_active": true, "date_joined": "2023-07-02T01:59:13.880Z", "groups": [], "user_permissions": []}}, {"model": "contenttypes.contenttype", "pk": 1, "fields": {"app_label": "admin", "model": "logentry"}}, {"model": "contenttypes.contenttype", "pk": 2, "fields": {"app_label": "auth", "model": "permission"}}, {"model": "contenttypes.contenttype", "pk": 3, "fields": {"app_label": "auth", "model": "group"}}, {"model": "contenttypes.contenttype", "pk": 4, "fields": {"app_label": "auth", "model": "user"}}, {"model": "contenttypes.contenttype", "pk": 5, "fields": {"app_label": "contenttypes", "model": "contenttype"}}, {"model": "contenttypes.contenttype", "pk": 6, "fields": {"app_label": "sessions", "model": "session"}}, {"model": "contenttypes.contenttype", "pk": 7, "fields": {"app_label": "usuarios", "model": "usuario"}}, {"model": "contenttypes.contenttype", "pk": 8, "fields": {"app_label": "clientes", "model": "cliente"}}, {"model": "contenttypes.contenttype", "pk": 9, "fields": {"app_label": "productos", "model": "producto"}}, {"model": "contenttypes.contenttype", "pk": 10, "fields": {"app_label": "proveedores", "model": "proveedor"}}, {"model": "contenttypes.contenttype", "pk": 11, "fields": {"app_label": "ventas", "model": "venta"}}, {"model": "contenttypes.contenttype", "pk": 12, "fields": {"app_label": "compras", "model": "detallecompra"}}, {"model": "contenttypes.contenttype", "pk": 13, "fields": {"app_label": "servicios", "model": "servicio"}}, {"model": "contenttypes.contenttype", "pk": 14, "fields": {"app_label": "tecnico", "model": "tecnico"}}, {"model": "contenttypes.contenttype", "pk": 15, "fields": {"app_label": "categoria", "model": "categoria"}}, {"model": "contenttypes.contenttype", "pk": 16, "fields": {"app_label": "ciudad", "model": "ciudad"}}, {"model": "contenttypes.contenttype", "pk": 17, "fields": {"app_label": "tipodeservicio", "model": "tiposervicio"}}, {"model": "contenttypes.contenttype", "pk": 18, "fields": {"app_label": "departamentos", "model": "departamento"}}, {"model": "sessions.session", "pk": "5ch5fcdv1cf2lbgcpqazc6r1jvvighug", "fields": {"session_data": ".eJxVjEEOwiAQRe_C2hCGoRBcuvcMhIFBqgaS0q6Md9cmXej2v_f-S4S4rTVsg5cwZ3EWIE6_G8X04LaDfI_t1mXqbV1mkrsiDzrktWd-Xg7376DGUb81IWEs2imFMJUCBhNnRAtgVClRO-YJjdcMioo1BoBUtgieyDiHXrw_1HQ3Ig:1qFlNc:wWar1ILNN0NQdqjEwHAG7AG9KWV-qzcwADKQGH3zGK4", "expire_date": "2023-07-16T00:55:56.597Z"}}, {"model": "sessions.session", "pk": "dpmiqawwx1ouijbm25v3jgi0q2jcvv8g", "fields": {"session_data": ".eJxVTMsOwiAQ_BfOhrBskeLRu99AFlikamhS2pPx36VJDzrJJJN5vYWnbS1-a7z4KYmLAHH69QLFJ9c9SA-q91nGua7LFORekUfa5G1O_Loe3b-DQq30NQ-GR6sIEXIHu8G5DA67BM4BEhrQVmkYjY2dWgWmdMasE2omKz5f7cw4Dw:1qFmGj:cFotjX6GBah_GOvkxWmqZgwbaD3JAb8NP_BnzGRiop4", "expire_date": "2023-07-16T01:52:53.202Z"}}, {"model": "usuarios.usuario", "pk": 1, "fields": {"nombres": "Michell", "apellidos": "Klinger", "telefono": 125428649, "email": "michellklinger@gmail.com", "direccion": "Cra 4s 25", "tipoDocumento": "PP", "numDocumento": "12345", "genero": "F", "rol": "Admin", "estado": "1"}}, {"model": "usuarios.usuario", "pk": 2, "fields": {"nombres": "Edison", "apellidos": "Giraldo", "telefono": 301489756, "email": "prueba@gmail.com", "direccion": "Cra 7m #22", "tipoDocumento": "OT", "numDocumento": "10235", "genero": "M", "rol": "Empl", "estado": "1"}}, {"model": "usuarios.usuario", "pk": 3, "fields": {"nombres": "Andres", "apellidos": "Perez", "telefono": 98623156, "email": "mich@gmail.com", "direccion": "Cra 8b #70-80", "tipoDocumento": "CE", "numDocumento": "110536012", "genero": "F", "rol": "Admin", "estado": "1"}}, {"model": "usuarios.usuario", "pk": 4, "fields": {"nombres": "Michell", "apellidos": "Klinger giraldo", "telefono": 3136279687, "email": "trabajos.klinger@gmail.com", "direccion": "Cra 7a Bis 86-91", "tipoDocumento": "CE", "numDocumento": "15484", "genero": "F", "rol": "Admin", "estado": "1"}}, {"model": "clientes.cliente", "pk": 1, "fields": {"nombreEmpresa": "ConstruBarranquilla", "nit": 489563, "telefono": 3014597898, "direccion": "Cra 8b #88", "email": "pruebas48@gmail.com", "ciudad": 1, "estado": "1"}}, {"model": "clientes.cliente", "pk": 2, "fields": {"nombreEmpresa": "Ferretería Fede", "nit": 6916, "telefono": 36578014522, "direccion": "Cra 78", "email": "pruebas@gmail.com", "ciudad": 1, "estado": "1"}}, {"model": "clientes.cliente", "pk": 3, "fields": {"nombreEmpresa": "Picota", "nit": 4811289, "telefono": 98215, "direccion": "Cra 88", "email": "probando@gamil.com", "ciudad": 2, "estado": "1"}}, {"model": "clientes.cliente", "pk": 4, "fields": {"nombreEmpresa": "Prueba", "nit": 4586, "telefono": 455966, "direccion": "Cra5", "email": "prueba@gmail.com", "ciudad": 3, "estado": "1"}}, {"model": "productos.producto", "pk": 1, "fields": {"nombre": "Sillas", "especificaciones": "Hechas de madera.", "categoria": 3, "estado": "0", "stock": 20}}, {"model": "productos.producto", "pk": 2, "fields": {"nombre": "Bote de basura", "especificaciones": "Metálicos.", "categoria": 1, "estado": "0", "stock": 10}}, {"model": "productos.producto", "pk": 3, "fields": {"nombre": "Tobogan", "especificaciones": "Plástico.", "categoria": 2, "estado": "0", "stock": 13}}, {"model": "productos.producto", "pk": 4, "fields": {"nombre": "Alambres de púas forradas en pvc", "especificaciones": "Forradas en pvc.", "categoria": 4, "estado": "1", "stock": 50}}, {"model": "productos.producto", "pk": 5, "fields": {"nombre": "Gaviones tipo caja", "especificaciones": "Ninguno.", "categoria": 5, "estado": "1", "stock": 56}}, {"model": "productos.producto", "pk": 6, "fields": {"nombre": "Malla Cuadrada", "especificaciones": "Ninguno.", "categoria": 6, "estado": "1", "stock": 70}}, {"model": "productos.producto", "pk": 7, "fields": {"nombre": "Canicas", "especificaciones": "En acero inoxidable.", "categoria": 7, "estado": "1", "stock": 63}}, {"model": "proveedores.proveedor", "pk": 1, "fields": {"nombreEmpresa": "Construcciones SAS", "nit": 123425, "telefono": 12459, "direccion": "Cra 7m #22", "email": "prueba@gmail.com", "ciudad": 3, "estado": "0"}}, {"model": "proveedores.proveedor", "pk": 2, "fields": {"nombreEmpresa": "SuperHerra", "nit": 12459, "telefono": 30145970, "direccion": "Cra 78", "email": "prueba02", "ciudad": 1, "estado": "0"}}, {"model": "proveedores.proveedor", "pk": 3, "fields": {"nombreEmpresa": "Ladrillos y Arenas", "nit": 789546, "telefono": 3014059, "direccion": "Cra 7a Bis #22", "email": "pruebas04@gmail.com", "ciudad": 1, "estado": "0"}}, {"model": "proveedores.proveedor", "pk": 4, "fields": {"nombreEmpresa": "AGROHIERROS S.A", "nit": 123456, "telefono": 3701627, "direccion": "Cll 30 # 26-48", "email": "agrohierro02@gmail.com", "ciudad": 3, "estado": "1"}}, {"model": "proveedores.proveedor", "pk": 5, "fields": {"nombreEmpresa": "TREFILADOS", "nit": 123789, "telefono": 3002258, "direccion": "Cll 15SUR #51B-50 Av. Circunvalar", "email": "3filados@gmail.com", "ciudad": 3, "estado": "1"}}, {"model": "proveedores.proveedor", "pk": 6, "fields": {"nombreEmpresa": "CERRADURAS Y ACCESORIOS", "nit": 5964, "telefono": 3002258, "direccion": "Cll 31#28-103", "email": "cerrayacce@gamil.com", "ciudad": 3, "estado": "1"}}, {"model": "compras.detallecompra", "pk": 1, "fields": {"fecha": "2023-07-02T00:15:45.585Z", "cantidadProducto": 5, "producto": null, "estado": "0", "totalCompra": 250000, "valorUnidad": 50000, "proveedor": 1}}, {"model": "compras.detallecompra", "pk": 2, "fields": {"fecha": "2023-07-02T00:21:42.596Z", "cantidadProducto": 2, "producto": 1, "estado": "1", "totalCompra": 40000, "valorUnidad": 20000, "proveedor": 3}}, {"model": "compras.detallecompra", "pk": 3, "fields": {"fecha": "2023-07-02T00:22:18.785Z", "cantidadProducto": 2, "producto": 3, "estado": "1", "totalCompra": 100000, "valorUnidad": 50000, "proveedor": 2}}, {"model": "compras.detallecompra", "pk": 4, "fields": {"fecha": "2023-07-02T00:22:49.184Z", "cantidadProducto": 5, "producto": 2, "estado": "1", "totalCompra": 50000, "valorUnidad": 10000, "proveedor": 1}}, {"model": "tecnico.tecnico", "pk": 1, "fields": {"nombres": "Carlos", "apellidos": "Klinger", "telefono": 125428649, "genero": "M", "tipoDocumento": "CC", "numDocumento": "46500", "estado": "1", "ciudad": null}}, {"model": "tecnico.tecnico", "pk": 2, "fields": {"nombres": "Samuel", "apellidos": "Mendez", "telefono": 5845952, "genero": "M", "tipoDocumento": "CE", "numDocumento": "123456", "estado": "1", "ciudad": null}}, {"model": "tecnico.tecnico", "pk": 3, "fields": {"nombres": "Isa", "apellidos": "Angulo", "telefono": 3014062595, "genero": "O", "tipoDocumento": "PP", "numDocumento": "4569456965", "estado": "1", "ciudad": null}}, {"model": "categoria.categoria", "pk": 1, "fields": {"nombrecat": "Biosaludable", "descripcioncat": "Ninguna.", "estadocat": "0"}}, {"model": "categoria.categoria", "pk": 2, "fields": {"nombrecat": "Parques Infantiles", "descripcioncat": "Ninguna.", "estadocat": "0"}}, {"model": "categoria.categoria", "pk": 3, "fields": {"nombrecat": "Parques", "descripcioncat": "Ninguna.", "estadocat": "0"}}, {"model": "categoria.categoria", "pk": 4, "fields": {"nombrecat": "ALAMBRES", "descripcioncat": "Ninguna.", "estadocat": "1"}}, {"model": "categoria.categoria", "pk": 5, "fields": {"nombrecat": "GAVIONES", "descripcioncat": "Ninguna.", "estadocat": "1"}}, {"model": "categoria.categoria", "pk": 6, "fields": {"nombrecat": "MATERIALES", "descripcioncat": "Ninguna.", "estadocat": "1"}}, {"model": "categoria.categoria", "pk": 7, "fields": {"nombrecat": "MOBILIARIO URBANO", "descripcioncat": "Ninguna.", "estadocat": "1"}}, {"model": "categoria.categoria", "pk": 8, "fields": {"nombrecat": "MOBILIARIO URBANO", "descripcioncat": "Ninguna.", "estadocat": "1"}}, {"model": "ciudad.ciudad", "pk": 1, "fields": {"nombre": "Cali", "departamento": 2, "estado": "1"}}, {"model": "ciudad.ciudad", "pk": 2, "fields": {"nombre": "Medellín", "departamento": 3, "estado": "1"}}, {"model": "ciudad.ciudad", "pk": 3, "fields": {"nombre": "Barranquilla", "departamento": 1, "estado": "1"}}, {"model": "tipodeservicio.tiposervicio", "pk": 1, "fields": {"nombreServicio": "Desmontaje", "descripcion": "Ninguna", "estado": "1"}}, {"model": "tipodeservicio.tiposervicio", "pk": 2, "fields": {"nombreServicio": "Montaje", "descripcion": "Ninguna.", "estado": "1"}}, {"model": "tipodeservicio.tiposervicio", "pk": 3, "fields": {"nombreServicio": "Otro", "descripcion": "Ninguna.", "estado": "1"}}, {"model": "departamentos.departamento", "pk": 1, "fields": {"nombre": "Atlántico", "estado": "1"}}, {"model": "departamentos.departamento", "pk": 2, "fields": {"nombre": "Valle de Cauca", "estado": "1"}}, {"model": "departamentos.departamento", "pk": 3, "fields": {"nombre": "Antioquia", "estado": "1"}}]