[{"model": "admin_interface.theme", "pk": 1, "fields": {"name": "SCI MME", "active": true, "title": "Sistema de Inventario MME", "title_color": "#F5DD5D", "title_visible": true, "logo": "admin-interface/logo/logoMallas.png", "logo_color": "#FFFFFF", "logo_max_width": 400, "logo_max_height": 100, "logo_visible": true, "favicon": "", "env_name": "", "env_color": "#E74C3C", "env_visible_in_header": true, "env_visible_in_favicon": true, "language_chooser_active": true, "language_chooser_control": "default-select", "language_chooser_display": "code", "css_header_background_color": "#0C4B33", "css_header_text_color": "#44B78B", "css_header_link_color": "#FFFFFF", "css_header_link_hover_color": "#C9F0DD", "css_module_background_color": "#44B78B", "css_module_background_selected_color": "#FFFFCC", "css_module_text_color": "#FFFFFF", "css_module_link_color": "#FFFFFF", "css_module_link_selected_color": "#FFFFFF", "css_module_link_hover_color": "#C9F0DD", "css_module_rounded_corners": true, "css_generic_link_color": "#0C3C26", "css_generic_link_hover_color": "#156641", "css_generic_link_active_color": "#29B864", "css_save_button_background_color": "#0C4B33", "css_save_button_background_hover_color": "#0C3C26", "css_save_button_text_color": "#FFFFFF", "css_delete_button_background_color": "#BA2121", "css_delete_button_background_hover_color": "#A41515", "css_delete_button_text_color": "#FFFFFF", "related_modal_active": true, "related_modal_background_color": "#000000", "related_modal_background_opacity": "0.3", "related_modal_rounded_corners": true, "related_modal_close_button_visible": true, "list_filter_highlight": true, "list_filter_dropdown": true, "list_filter_sticky": true, "list_filter_removal_links": false, "foldable_apps": true, "show_fieldsets_as_tabs": false, "show_inlines_as_tabs": false, "collapsible_stacked_inlines": false, "collapsible_stacked_inlines_collapsed": true, "collapsible_tabular_inlines": false, "collapsible_tabular_inlines_collapsed": true, "recent_actions_visible": true, "form_submit_sticky": false, "form_pagination_sticky": false}}, {"model": "admin.logentry", "pk": 1, "fields": {"action_time": "2023-07-26T03:15:34.574Z", "user": 1, "content_type": 19, "object_id": "1", "object_repr": "SCI MME", "action_flag": 2, "change_message": "[{\"changed\": {\"fields\": [\"Name\", \"Logo\"]}}]"}}, {"model": "admin.logentry", "pk": 2, "fields": {"action_time": "2023-07-26T03:16:05.427Z", "user": 1, "content_type": 19, "object_id": "1", "object_repr": "SCI MME", "action_flag": 2, "change_message": "[{\"changed\": {\"fields\": [\"Title\"]}}]"}}, {"model": "admin.logentry", "pk": 3, "fields": {"action_time": "2023-07-26T03:23:04.149Z", "user": 1, "content_type": 19, "object_id": "1", "object_repr": "SCI MME", "action_flag": 2, "change_message": "[]"}}, {"model": "admin.logentry", "pk": 4, "fields": {"action_time": "2023-07-26T03:44:31.656Z", "user": 1, "content_type": 11, "object_id": "1", "object_repr": "1 Sillas - Alambres 1 2023-07-26 03:39:34.114699+00:00", "action_flag": 2, "change_message": "[]"}}, {"model": "admin.logentry", "pk": 5, "fields": {"action_time": "2023-07-26T23:02:02.436Z", "user": 1, "content_type": 3, "object_id": "1", "object_repr": "Empleado", "action_flag": 1, "change_message": "[{\"added\": {}}]"}}, {"model": "admin.logentry", "pk": 6, "fields": {"action_time": "2023-07-26T23:02:16.845Z", "user": 1, "content_type": 3, "object_id": "2", "object_repr": "Administrador", "action_flag": 1, "change_message": "[{\"added\": {}}]"}}, {"model": "admin.logentry", "pk": 7, "fields": {"action_time": "2023-07-26T23:12:08.230Z", "user": 1, "content_type": 3, "object_id": "1", "object_repr": "Empleado", "action_flag": 2, "change_message": "[{\"changed\": {\"fields\": [\"Permissions\"]}}]"}}, {"model": "admin.logentry", "pk": 8, "fields": {"action_time": "2023-07-26T23:32:00.054Z", "user": 1, "content_type": 4, "object_id": "3", "object_repr": "4589665", "action_flag": 2, "change_message": "[{\"changed\": {\"fields\": [\"First name\", \"Groups\"]}}]"}}, {"model": "admin.logentry", "pk": 9, "fields": {"action_time": "2023-07-27T20:53:04.036Z", "user": 1, "content_type": 4, "object_id": "2", "object_repr": "1105360123", "action_flag": 2, "change_message": "[{\"changed\": {\"fields\": [\"Groups\"]}}]"}}, {"model": "auth.permission", "pk": 1, "fields": {"name": "Can add log entry", "content_type": 1, "codename": "add_logentry"}}, {"model": "auth.permission", "pk": 2, "fields": {"name": "Can change log entry", "content_type": 1, "codename": "change_logentry"}}, {"model": "auth.permission", "pk": 3, "fields": {"name": "Can delete log entry", "content_type": 1, "codename": "delete_logentry"}}, {"model": "auth.permission", "pk": 4, "fields": {"name": "Can view log entry", "content_type": 1, "codename": "view_logentry"}}, {"model": "auth.permission", "pk": 5, "fields": {"name": "Can add permission", "content_type": 2, "codename": "add_permission"}}, {"model": "auth.permission", "pk": 6, "fields": {"name": "Can change permission", "content_type": 2, "codename": "change_permission"}}, {"model": "auth.permission", "pk": 7, "fields": {"name": "Can delete permission", "content_type": 2, "codename": "delete_permission"}}, {"model": "auth.permission", "pk": 8, "fields": {"name": "Can view permission", "content_type": 2, "codename": "view_permission"}}, {"model": "auth.permission", "pk": 9, "fields": {"name": "Can add group", "content_type": 3, "codename": "add_group"}}, {"model": "auth.permission", "pk": 10, "fields": {"name": "Can change group", "content_type": 3, "codename": "change_group"}}, {"model": "auth.permission", "pk": 11, "fields": {"name": "Can delete group", "content_type": 3, "codename": "delete_group"}}, {"model": "auth.permission", "pk": 12, "fields": {"name": "Can view group", "content_type": 3, "codename": "view_group"}}, {"model": "auth.permission", "pk": 13, "fields": {"name": "Can add user", "content_type": 4, "codename": "add_user"}}, {"model": "auth.permission", "pk": 14, "fields": {"name": "Can change user", "content_type": 4, "codename": "change_user"}}, {"model": "auth.permission", "pk": 15, "fields": {"name": "Can delete user", "content_type": 4, "codename": "delete_user"}}, {"model": "auth.permission", "pk": 16, "fields": {"name": "Can view user", "content_type": 4, "codename": "view_user"}}, {"model": "auth.permission", "pk": 17, "fields": {"name": "Can add content type", "content_type": 5, "codename": "add_contenttype"}}, {"model": "auth.permission", "pk": 18, "fields": {"name": "Can change content type", "content_type": 5, "codename": "change_contenttype"}}, {"model": "auth.permission", "pk": 19, "fields": {"name": "Can delete content type", "content_type": 5, "codename": "delete_contenttype"}}, {"model": "auth.permission", "pk": 20, "fields": {"name": "Can view content type", "content_type": 5, "codename": "view_contenttype"}}, {"model": "auth.permission", "pk": 21, "fields": {"name": "Can add session", "content_type": 6, "codename": "add_session"}}, {"model": "auth.permission", "pk": 22, "fields": {"name": "Can change session", "content_type": 6, "codename": "change_session"}}, {"model": "auth.permission", "pk": 23, "fields": {"name": "Can delete session", "content_type": 6, "codename": "delete_session"}}, {"model": "auth.permission", "pk": 24, "fields": {"name": "Can view session", "content_type": 6, "codename": "view_session"}}, {"model": "auth.permission", "pk": 25, "fields": {"name": "Can add Usuario", "content_type": 7, "codename": "add_usuario"}}, {"model": "auth.permission", "pk": 26, "fields": {"name": "Can change Usuario", "content_type": 7, "codename": "change_usuario"}}, {"model": "auth.permission", "pk": 27, "fields": {"name": "Can delete Usuario", "content_type": 7, "codename": "delete_usuario"}}, {"model": "auth.permission", "pk": 28, "fields": {"name": "Can view Usuario", "content_type": 7, "codename": "view_usuario"}}, {"model": "auth.permission", "pk": 29, "fields": {"name": "Can add Cliente", "content_type": 8, "codename": "add_cliente"}}, {"model": "auth.permission", "pk": 30, "fields": {"name": "Can change Cliente", "content_type": 8, "codename": "change_cliente"}}, {"model": "auth.permission", "pk": 31, "fields": {"name": "Can delete Cliente", "content_type": 8, "codename": "delete_cliente"}}, {"model": "auth.permission", "pk": 32, "fields": {"name": "Can view Cliente", "content_type": 8, "codename": "view_cliente"}}, {"model": "auth.permission", "pk": 33, "fields": {"name": "Can add Producto", "content_type": 9, "codename": "add_producto"}}, {"model": "auth.permission", "pk": 34, "fields": {"name": "Can change Producto", "content_type": 9, "codename": "change_producto"}}, {"model": "auth.permission", "pk": 35, "fields": {"name": "Can delete Producto", "content_type": 9, "codename": "delete_producto"}}, {"model": "auth.permission", "pk": 36, "fields": {"name": "Can view Producto", "content_type": 9, "codename": "view_producto"}}, {"model": "auth.permission", "pk": 37, "fields": {"name": "Can add Proveedor", "content_type": 10, "codename": "add_proveedor"}}, {"model": "auth.permission", "pk": 38, "fields": {"name": "Can change Proveedor", "content_type": 10, "codename": "change_proveedor"}}, {"model": "auth.permission", "pk": 39, "fields": {"name": "Can delete Proveedor", "content_type": 10, "codename": "delete_proveedor"}}, {"model": "auth.permission", "pk": 40, "fields": {"name": "Can view Proveedor", "content_type": 10, "codename": "view_proveedor"}}, {"model": "auth.permission", "pk": 41, "fields": {"name": "Can add Detalle Venta", "content_type": 11, "codename": "add_venta"}}, {"model": "auth.permission", "pk": 42, "fields": {"name": "Can change Detalle Venta", "content_type": 11, "codename": "change_venta"}}, {"model": "auth.permission", "pk": 43, "fields": {"name": "Can delete Detalle Venta", "content_type": 11, "codename": "delete_venta"}}, {"model": "auth.permission", "pk": 44, "fields": {"name": "Can view Detalle Venta", "content_type": 11, "codename": "view_venta"}}, {"model": "auth.permission", "pk": 45, "fields": {"name": "Can add Detalle Compra", "content_type": 12, "codename": "add_detallecompra"}}, {"model": "auth.permission", "pk": 46, "fields": {"name": "Can change Detalle Compra", "content_type": 12, "codename": "change_detallecompra"}}, {"model": "auth.permission", "pk": 47, "fields": {"name": "Can delete Detalle Compra", "content_type": 12, "codename": "delete_detallecompra"}}, {"model": "auth.permission", "pk": 48, "fields": {"name": "Can view Detalle Compra", "content_type": 12, "codename": "view_detallecompra"}}, {"model": "auth.permission", "pk": 49, "fields": {"name": "Can add Servicio", "content_type": 13, "codename": "add_servicio"}}, {"model": "auth.permission", "pk": 50, "fields": {"name": "Can change Servicio", "content_type": 13, "codename": "change_servicio"}}, {"model": "auth.permission", "pk": 51, "fields": {"name": "Can delete Servicio", "content_type": 13, "codename": "delete_servicio"}}, {"model": "auth.permission", "pk": 52, "fields": {"name": "Can view Servicio", "content_type": 13, "codename": "view_servicio"}}, {"model": "auth.permission", "pk": 53, "fields": {"name": "Can add Técnico", "content_type": 14, "codename": "add_tecnico"}}, {"model": "auth.permission", "pk": 54, "fields": {"name": "Can change Técnico", "content_type": 14, "codename": "change_tecnico"}}, {"model": "auth.permission", "pk": 55, "fields": {"name": "Can delete Técnico", "content_type": 14, "codename": "delete_tecnico"}}, {"model": "auth.permission", "pk": 56, "fields": {"name": "Can view Técnico", "content_type": 14, "codename": "view_tecnico"}}, {"model": "auth.permission", "pk": 57, "fields": {"name": "Can add Categoria", "content_type": 15, "codename": "add_categoria"}}, {"model": "auth.permission", "pk": 58, "fields": {"name": "Can change Categoria", "content_type": 15, "codename": "change_categoria"}}, {"model": "auth.permission", "pk": 59, "fields": {"name": "Can delete Categoria", "content_type": 15, "codename": "delete_categoria"}}, {"model": "auth.permission", "pk": 60, "fields": {"name": "Can view Categoria", "content_type": 15, "codename": "view_categoria"}}, {"model": "auth.permission", "pk": 61, "fields": {"name": "Can add Ciudad", "content_type": 16, "codename": "add_ciudad"}}, {"model": "auth.permission", "pk": 62, "fields": {"name": "Can change Ciudad", "content_type": 16, "codename": "change_ciudad"}}, {"model": "auth.permission", "pk": 63, "fields": {"name": "Can delete Ciudad", "content_type": 16, "codename": "delete_ciudad"}}, {"model": "auth.permission", "pk": 64, "fields": {"name": "Can view Ciudad", "content_type": 16, "codename": "view_ciudad"}}, {"model": "auth.permission", "pk": 65, "fields": {"name": "Can add Tipo de Servicio", "content_type": 17, "codename": "add_tiposervicio"}}, {"model": "auth.permission", "pk": 66, "fields": {"name": "Can change Tipo de Servicio", "content_type": 17, "codename": "change_tiposervicio"}}, {"model": "auth.permission", "pk": 67, "fields": {"name": "Can delete Tipo de Servicio", "content_type": 17, "codename": "delete_tiposervicio"}}, {"model": "auth.permission", "pk": 68, "fields": {"name": "Can view Tipo de Servicio", "content_type": 17, "codename": "view_tiposervicio"}}, {"model": "auth.permission", "pk": 69, "fields": {"name": "Can add Departamento", "content_type": 18, "codename": "add_departamento"}}, {"model": "auth.permission", "pk": 70, "fields": {"name": "Can change Departamento", "content_type": 18, "codename": "change_departamento"}}, {"model": "auth.permission", "pk": 71, "fields": {"name": "Can delete Departamento", "content_type": 18, "codename": "delete_departamento"}}, {"model": "auth.permission", "pk": 72, "fields": {"name": "Can view Departamento", "content_type": 18, "codename": "view_departamento"}}, {"model": "auth.permission", "pk": 73, "fields": {"name": "Can add Theme", "content_type": 19, "codename": "add_theme"}}, {"model": "auth.permission", "pk": 74, "fields": {"name": "Can change Theme", "content_type": 19, "codename": "change_theme"}}, {"model": "auth.permission", "pk": 75, "fields": {"name": "Can delete Theme", "content_type": 19, "codename": "delete_theme"}}, {"model": "auth.permission", "pk": 76, "fields": {"name": "Can view Theme", "content_type": 19, "codename": "view_theme"}}, {"model": "auth.group", "pk": 1, "fields": {"name": "Empleado", "permissions": [4, 76, 12, 8, 16, 60, 61, 64, 32, 48, 20, 69, 72, 36, 40, 52, 24, 56, 68, 28, 44]}}, {"model": "auth.group", "pk": 2, "fields": {"name": "Administrador", "permissions": [1, 2, 3, 4, 73, 74, 75, 76, 9, 10, 11, 12, 5, 6, 7, 8, 13, 14, 15, 16, 57, 58, 59, 60, 61, 62, 63, 64, 29, 30, 31, 32, 45, 46, 47, 48, 17, 18, 19, 20, 69, 70, 71, 72, 33, 34, 35, 36, 37, 38, 39, 40, 49, 50, 51, 52, 21, 22, 23, 24, 53, 54, 55, 56, 65, 66, 67, 68, 25, 26, 27, 28, 41, 42, 43, 44]}}, {"model": "auth.user", "pk": 1, "fields": {"password": "pbkdf2_sha256$390000$CWPvburq8mjgU2qPHxXDRE$4cvhLqVr7ybcJT0KhahtHXiJyaQBsPz7Zj04lUiUVks=", "last_login": "2023-07-27T20:52:45.841Z", "is_superuser": true, "username": "user", "first_name": "", "last_name": "", "email": "mklinger3@misena.edu.co", "is_staff": true, "is_active": true, "date_joined": "2023-07-24T23:42:18.271Z", "groups": [], "user_permissions": []}}, {"model": "auth.user", "pk": 2, "fields": {"password": "pbkdf2_sha256$390000$GHLOihpKC5jp1RVsPkvmSl$owqAekMVgoKpBVhYm6+8fU33XncQPXQ1T28INya6mTA=", "last_login": "2023-07-28T02:37:58.264Z", "is_superuser": false, "username": "1105360123", "first_name": "Michell", "last_name": "Klinger", "email": "michellklinger@gmail.com", "is_staff": false, "is_active": true, "date_joined": "2023-07-26T00:23:36Z", "groups": [2], "user_permissions": []}}, {"model": "auth.user", "pk": 3, "fields": {"password": "pbkdf2_sha256$390000$9WCA5zyUZ1uJRmGAPL2To0$DQslYR4EmZOYEQkEfmfRpzalXpk7diTChx8d43Ceb6c=", "last_login": "2023-07-28T02:12:53.498Z", "is_superuser": false, "username": "4589665", "first_name": "Probando", "last_name": "prueba", "email": "pruebas@gmail.com", "is_staff": false, "is_active": true, "date_joined": "2023-07-26T23:31:07Z", "groups": [1], "user_permissions": []}}, {"model": "auth.user", "pk": 4, "fields": {"password": "pbkdf2_sha256$390000$2OTJvHFLrrKt8Lux8T6bOt$E1a27R7DJH9EWLMbHp+MOYdgpnG2/U6Xga0+C86M86s=", "last_login": null, "is_superuser": false, "username": "123456", "first_name": "Isa", "last_name": "Luis", "email": "mklinger3@misena.edu.co", "is_staff": false, "is_active": true, "date_joined": "2023-07-27T04:11:49.365Z", "groups": [], "user_permissions": []}}, {"model": "auth.user", "pk": 5, "fields": {"password": "pbkdf2_sha256$390000$xgvxG4j4cdT5r8obMbVxey$tjRyqiAkzQA+W2BHVBRZc6CpMW34Cmk99UiLIXRroPk=", "last_login": "2023-07-28T02:21:39.075Z", "is_superuser": false, "username": "123456789", "first_name": "Daniela", "last_name": "Perez", "email": "pruebas@gmail.com", "is_staff": false, "is_active": true, "date_joined": "2023-07-28T02:21:03.437Z", "groups": [], "user_permissions": []}}, {"model": "contenttypes.contenttype", "pk": 1, "fields": {"app_label": "admin", "model": "logentry"}}, {"model": "contenttypes.contenttype", "pk": 2, "fields": {"app_label": "auth", "model": "permission"}}, {"model": "contenttypes.contenttype", "pk": 3, "fields": {"app_label": "auth", "model": "group"}}, {"model": "contenttypes.contenttype", "pk": 4, "fields": {"app_label": "auth", "model": "user"}}, {"model": "contenttypes.contenttype", "pk": 5, "fields": {"app_label": "contenttypes", "model": "contenttype"}}, {"model": "contenttypes.contenttype", "pk": 6, "fields": {"app_label": "sessions", "model": "session"}}, {"model": "contenttypes.contenttype", "pk": 7, "fields": {"app_label": "usuarios", "model": "usuario"}}, {"model": "contenttypes.contenttype", "pk": 8, "fields": {"app_label": "clientes", "model": "cliente"}}, {"model": "contenttypes.contenttype", "pk": 9, "fields": {"app_label": "productos", "model": "producto"}}, {"model": "contenttypes.contenttype", "pk": 10, "fields": {"app_label": "proveedores", "model": "proveedor"}}, {"model": "contenttypes.contenttype", "pk": 11, "fields": {"app_label": "ventas", "model": "venta"}}, {"model": "contenttypes.contenttype", "pk": 12, "fields": {"app_label": "compras", "model": "detallecompra"}}, {"model": "contenttypes.contenttype", "pk": 13, "fields": {"app_label": "servicios", "model": "servicio"}}, {"model": "contenttypes.contenttype", "pk": 14, "fields": {"app_label": "tecnico", "model": "tecnico"}}, {"model": "contenttypes.contenttype", "pk": 15, "fields": {"app_label": "categoria", "model": "categoria"}}, {"model": "contenttypes.contenttype", "pk": 16, "fields": {"app_label": "ciudad", "model": "ciudad"}}, {"model": "contenttypes.contenttype", "pk": 17, "fields": {"app_label": "tipodeservicio", "model": "tiposervicio"}}, {"model": "contenttypes.contenttype", "pk": 18, "fields": {"app_label": "departamentos", "model": "departamento"}}, {"model": "contenttypes.contenttype", "pk": 19, "fields": {"app_label": "admin_interface", "model": "theme"}}, {"model": "sessions.session", "pk": "jupsnvgwmqk3vmbqoiz2fml598fbh9cj", "fields": {"session_data": ".eJxVjDsOwjAQBe_iGlleb_yjpOcM1vqHA8iW4qRC3B0ipYD2zcx7MU_bWv028uLnxM5MstPvFig-cttBulO7dR57W5c58F3hBx382lN-Xg7376DSqN86y0mgnoqORMoFg9JYGUUOqmgAVIas0hE1GlQWgIoMgoR1EQCcNoa9P8AHNnw:1qPDMb:n-6DX7EngziyE7Bjydn_mq1chM7xePZJ77wB8LUT28M", "expire_date": "2023-08-11T02:37:57.398Z"}}, {"model": "sessions.session", "pk": "p0cwhf8isqkhkoazur6knh0r2bmsly77", "fields": {"session_data": ".eJxVjDsOwjAQBe_iGlleb_yjpOcM1vqHA8iW4qRC3B0ipYD2zcx7MU_bWv028uLnxM5MstPvFig-cttBulO7dR57W5c58F3hBx382lN-Xg7376DSqN86y0mgnoqORMoFg9JYGUUOqmgAVIas0hE1GlQWgIoMgoR1EQCcNoa9P8AHNnw:1qPDMc:PEB2R2oaALj6zTS-HTSC1oD41fx52PWox2EyzVbcq-E", "expire_date": "2023-08-11T02:37:58.279Z"}}, {"model": "sessions.session", "pk": "t1t2m8c4rjku332cdrnnv7p17rxk1t9l", "fields": {"session_data": "e30:1qPCdi:MqYthbqbcyQtOqxB_KqPyvj1CGJLvW3gsr1ilr4MWpo", "expire_date": "2023-08-11T01:51:34.572Z"}}, {"model": "sessions.session", "pk": "tgut1ovq30454n3wx32kxn3mzzxpr0wh", "fields": {"session_data": ".eJxVjDsOwjAQBe_iGlleb_yjpOcM1vqHA8iW4qRC3B0ipYD2zcx7MU_bWv028uLnxM5MstPvFig-cttBulO7dR57W5c58F3hBx382lN-Xg7376DSqN86y0mgnoqORMoFg9JYGUUOqmgAVIas0hE1GlQWgIoMgoR1EQCcNoa9P8AHNnw:1qPD7j:QVpcsin4KhrMdKH_wrmEfrL79qLk9U9yBbuo0HtqS58", "expire_date": "2023-08-11T02:22:35.659Z"}}, {"model": "usuarios.usuario", "pk": 1, "fields": {"nombres": "Michell", "apellidos": "Klinger", "telefono": 125428649, "email": "michellklinger@gmail.com", "direccion": "Cra 4s 25", "tipoDocumento": "CC", "numDocumento": "1105360123", "genero": "F", "rol": "Admin", "estado": "1", "foto": "images/usuarios/MichellKlinger_iRvsWZ1.jpeg", "user": 2}}, {"model": "usuarios.usuario", "pk": 2, "fields": {"nombres": "Probando ", "apellidos": "prueba", "telefono": 648584, "email": "pruebas@gmail.com", "direccion": "Cra 78", "tipoDocumento": "CC", "numDocumento": "4589665", "genero": "M", "rol": "Empl", "estado": "1", "foto": "images/usuarios/logoMallas.png", "user": 3}}, {"model": "usuarios.usuario", "pk": 3, "fields": {"nombres": "Isa", "apellidos": "Luis", "telefono": 3014059863, "email": "mklinger3@misena.edu.co", "direccion": "Cra 7a Bis 78326", "tipoDocumento": "CC", "numDocumento": "123456", "genero": "M", "rol": "Admin", "estado": "1", "foto": "images/usuarios/MichellKlinger_NCHJ3mC.jpeg", "user": 4}}, {"model": "usuarios.usuario", "pk": 4, "fields": {"nombres": "Daniela", "apellidos": "Perez", "telefono": 152, "email": "pruebas@gmail.com", "direccion": "hbh", "tipoDocumento": "PP", "numDocumento": "123456789", "genero": "F", "rol": "Admin", "estado": "1", "foto": "images/usuarios/MichellKlinger_QMQCnKT.jpeg", "user": 5}}, {"model": "clientes.cliente", "pk": 1, "fields": {"nombreEmpresa": "Ferretería Fe", "nit": 884800, "telefono": 365780145, "direccion": "Cra 78-89", "email": "pruebauns@gmail.com", "ciudad": 2, "estado": "1"}}, {"model": "clientes.cliente", "pk": 2, "fields": {"nombreEmpresa": "Picota", "nit": 45848515, "telefono": 84554, "direccion": "Cra 88", "email": "probando@gamil.com", "ciudad": 4, "estado": "1"}}, {"model": "clientes.cliente", "pk": 3, "fields": {"nombreEmpresa": "Fila", "nit": 596565, "telefono": 5845952, "direccion": "xcra 8548", "email": "michs@gmail.com", "ciudad": 1, "estado": "1"}}, {"model": "clientes.cliente", "pk": 4, "fields": {"nombreEmpresa": "nike", "nit": 5484584, "telefono": 85488, "direccion": "Cra 4s 25", "email": "michellklinger@gmail.com", "ciudad": 2, "estado": "1"}}, {"model": "clientes.cliente", "pk": 5, "fields": {"nombreEmpresa": "Nikes", "nit": 48552, "telefono": 8544, "direccion": "Cra", "email": "ml@gmail.com", "ciudad": 3, "estado": "1"}}, {"model": "productos.producto", "pk": 1, "fields": {"nombre": "Sillas", "especificaciones": "Ninguno", "categoria": 2, "estado": "1", "stock": 35}}, {"model": "productos.producto", "pk": 2, "fields": {"nombre": "Mall", "especificaciones": "none", "categoria": 2, "estado": "1", "stock": 8}}, {"model": "proveedores.proveedor", "pk": 1, "fields": {"nombreEmpresa": "Salento Construccion LT", "nit": 89565000, "telefono": 88900, "direccion": "Cra12", "email": "KAIS@gmail.com", "ciudad": 2, "estado": "0"}}, {"model": "proveedores.proveedor", "pk": 2, "fields": {"nombreEmpresa": "nike", "nit": 55965, "telefono": 125428649, "direccion": "Cra 4s 25", "email": "michellklinger@gmail.com", "ciudad": 3, "estado": "1"}}, {"model": "proveedores.proveedor", "pk": 3, "fields": {"nombreEmpresa": "Fila", "nit": 59599, "telefono": 5845952, "direccion": "xcra 8548", "email": "KAIS@gmail.com", "ciudad": 1, "estado": "1"}}, {"model": "proveedores.proveedor", "pk": 4, "fields": {"nombreEmpresa": "Prueba", "nit": 1462, "telefono": 125485, "direccion": "cra", "email": "mk@gmail.com", "ciudad": 2, "estado": "1"}}, {"model": "ventas.venta", "pk": 1, "fields": {"fecha": "2023-07-26T03:39:34.114Z", "usuario": 1, "cliente": 1, "producto": 1, "cantidadProducto": 50, "valorUnidad": 3006, "modoPago": "PT", "estado": "1", "porcentajeIva": "0", "valorTotal": null, "subTotal": null}}, {"model": "ventas.venta", "pk": 2, "fields": {"fecha": "2023-07-26T03:56:07.769Z", "usuario": 1, "cliente": 2, "producto": 1, "cantidadProducto": 8, "valorUnidad": 555500000, "modoPago": "PV", "estado": "1", "porcentajeIva": "5", "valorTotal": null, "subTotal": null}}, {"model": "ventas.venta", "pk": 3, "fields": {"fecha": "2023-07-28T02:59:19.180Z", "usuario": 4, "cliente": 4, "producto": 1, "cantidadProducto": 20, "valorUnidad": 2000, "modoPago": "EF", "estado": "1", "porcentajeIva": "19", "valorTotal": null, "subTotal": null}}, {"model": "compras.detallecompra", "pk": 1, "fields": {"fecha": "2023-07-26T03:57:43.496Z", "proveedor": 1, "producto": 2, "cantidadProducto": 56225, "valorUnidad": 40000000, "estado": "1", "valorTotal": null}}, {"model": "compras.detallecompra", "pk": 2, "fields": {"fecha": "2023-07-27T21:20:57.602Z", "proveedor": 1, "producto": 2, "cantidadProducto": 52, "valorUnidad": 400, "estado": "1", "valorTotal": null}}, {"model": "servicios.servicio", "pk": 1, "fields": {"fecha": "2023-07-25T04:44:05.016Z", "tipoServicio": 1, "tecnico": 1, "ciudad": 1, "valorServicio": 83600000, "porcentajeIva": "5", "valorTotal": null, "estado": "1", "observacion": "smaksma"}}, {"model": "servicios.servicio", "pk": 2, "fields": {"fecha": "2023-07-25T05:25:26.618Z", "tipoServicio": 2, "tecnico": 1, "ciudad": 3, "valorServicio": 878400000, "porcentajeIva": "0", "valorTotal": null, "estado": "1", "observacion": "569"}}, {"model": "servicios.servicio", "pk": 3, "fields": {"fecha": "2023-07-25T05:51:01.390Z", "tipoServicio": 2, "tecnico": 1, "ciudad": 3, "valorServicio": 90000, "porcentajeIva": "5", "valorTotal": null, "estado": "1", "observacion": "knjnj"}}, {"model": "servicios.servicio", "pk": 4, "fields": {"fecha": "2023-07-25T05:55:43.358Z", "tipoServicio": 1, "tecnico": 1, "ciudad": 1, "valorServicio": 450004, "porcentajeIva": "5", "valorTotal": null, "estado": "1", "observacion": "mnj"}}, {"model": "servicios.servicio", "pk": 5, "fields": {"fecha": "2023-07-25T05:58:35.076Z", "tipoServicio": 1, "tecnico": 1, "ciudad": 1, "valorServicio": 7485, "porcentajeIva": "0", "valorTotal": null, "estado": "0", "observacion": "55696"}}, {"model": "servicios.servicio", "pk": 6, "fields": {"fecha": "2023-07-26T02:53:34.767Z", "tipoServicio": 1, "tecnico": 1, "ciudad": 3, "valorServicio": 80000, "porcentajeIva": "5", "valorTotal": null, "estado": "0", "observacion": "njnjnj"}}, {"model": "servicios.servicio", "pk": 7, "fields": {"fecha": "2023-07-28T02:58:05.699Z", "tipoServicio": 1, "tecnico": 3, "ciudad": 4, "valorServicio": 50000, "porcentajeIva": "5", "valorTotal": null, "estado": "1", "observacion": "n"}}, {"model": "tecnico.tecnico", "pk": 1, "fields": {"nombres": "Jairo Ivan", "apellidos": "Rodriguez Muños", "telefono": 556987856, "genero": "M", "tipoDocumento": "CE", "numDocumento": "5645965", "estado": "0"}}, {"model": "tecnico.tecnico", "pk": 2, "fields": {"nombres": "Marcela", "apellidos": "Montaño", "telefono": 59458484, "genero": "F", "tipoDocumento": "CE", "numDocumento": "8478489", "estado": "0"}}, {"model": "tecnico.tecnico", "pk": 3, "fields": {"nombres": "Alejandra", "apellidos": "Ramirez", "telefono": 59585, "genero": "O", "tipoDocumento": "CE", "numDocumento": "854848", "estado": "1"}}, {"model": "tecnico.tecnico", "pk": 4, "fields": {"nombres": "Luis", "apellidos": "Lopez", "telefono": 12456, "genero": "M", "tipoDocumento": "CC", "numDocumento": "455599", "estado": "1"}}, {"model": "categoria.categoria", "pk": 1, "fields": {"nombrecat": "MOBILIARIO URBANO", "descripcioncat": "Ninguno", "estadocat": "1"}}, {"model": "categoria.categoria", "pk": 2, "fields": {"nombrecat": "GAVIONES", "descripcioncat": "jkm", "estadocat": "1"}}, {"model": "categoria.categoria", "pk": 3, "fields": {"nombrecat": "Alambres", "descripcioncat": "Ninguno", "estadocat": "0"}}, {"model": "ciudad.ciudad", "pk": 1, "fields": {"nombre": "Cali", "departamento": 1, "estado": "1"}}, {"model": "ciudad.ciudad", "pk": 2, "fields": {"nombre": "Medellín", "departamento": 2, "estado": "1"}}, {"model": "ciudad.ciudad", "pk": 3, "fields": {"nombre": "Barranquilla", "departamento": 3, "estado": "1"}}, {"model": "ciudad.ciudad", "pk": 4, "fields": {"nombre": "Palmira", "departamento": 1, "estado": "1"}}, {"model": "ciudad.ciudad", "pk": 5, "fields": {"nombre": "Bogota", "departamento": 4, "estado": "1"}}, {"model": "tipodeservicio.tiposervicio", "pk": 1, "fields": {"nombreServicio": "Desmontaje", "descripcion": "None.", "estado": "1"}}, {"model": "tipodeservicio.tiposervicio", "pk": 2, "fields": {"nombreServicio": "Montaje", "descripcion": "jxjs", "estado": "0"}}, {"model": "departamentos.departamento", "pk": 1, "fields": {"nombre": "Valle del Cauca", "estado": "0"}}, {"model": "departamentos.departamento", "pk": 2, "fields": {"nombre": "Antioquia", "estado": "1"}}, {"model": "departamentos.departamento", "pk": 3, "fields": {"nombre": "Atlántico", "estado": "1"}}, {"model": "departamentos.departamento", "pk": 4, "fields": {"nombre": "Cundinamarca", "estado": "1"}}]